114.42, 9.13, 8.81, 0.4
27.63, 24.98, 30.87, 0.5
18.22, 24.55, 41.53, 0.5
26.72, 23.21, 30.61, 0.5
1547.30, 19.83, 85.04, 0.6
138.53, 4.81, 10.23, 0.1
237.44, 48.65, 16.04, 0.2
483.42, 30.14, 15.66, 0.3
202.86, 5.00, 6.51, 0.1
2495.43, 23.88, 91.53, 0.6
153.61, 48.96, 19.27, 0.2
2821.59, 19.44, 88.60, 0.6
90.44, 10.00, 9.64, 0.4
564.43, 29.32, 11.85, 0.3
154.26, 10.31, 6.51, 0.4
80.78, 10.41, 9.87, 0.4
209.68, 4.06, 13.58, 0.1
97.47, 4.97, 8.31, 0.1
490.07, 28.62, 15.65, 0.3
77.66, 4.24, 11.91, 0.1
22.25, 23.55, 42.01, 0.5
511.46, 27.74, 10.97, 0.3
172.38, 4.34, 8.80, 0.1
118.92, 9.78, 3.30, 0.4
1676.80, 22.80, 93.34, 0.6
288.94, 32.22, 10.98, 0.3
505.96, 27.74, 10.41, 0.3
20.32, 24.58, 40.85, 0.5
208.64, 4.34, 13.77, 0.1
396.56, 29.65, 16.88, 0.3
192.34, 55.55, 18.80, 0.2
178.23, 4.88, 13.32, 0.1
242.92, 56.33, 24.24, 0.2
1447.64, 22.50, 96.60, 0.6
2483.19, 24.73, 86.01, 0.6
3209.90, 19.25, 99.43, 0.6
557.91, 30.49, 15.66, 0.3
2288.80, 24.92, 86.08, 0.6
287.74, 32.67, 15.16, 0.3
85.05, 8.92, 3.54, 0.4
23.55, 24.80, 33.16, 0.5
254.29, 46.64, 24.10, 0.2
180.11, 8.87, 8.92, 0.4
84.33, 8.03, 6.27, 0.4
82.91, 9.28, 8.20, 0.4
22.72, 24.15, 35.32, 0.5
180.66, 10.56, 6.35, 0.4
258.59, 58.77, 17.43, 0.2
190.70, 4.95, 10.80, 0.1
162.93, 11.31, 5.84, 0.4
16.83, 23.24, 36.67, 0.5
206.09, 4.36, 13.41, 0.1
193.30, 9.26, 4.16, 0.4
257.45, 31.83, 16.79, 0.3
155.44, 4.14, 13.65, 0.1
127.42, 4.89, 14.99, 0.1
207.25, 69.39, 22.67, 0.2
28.43, 23.37, 44.55, 0.5
414.56, 32.11, 14.26, 0.3
2633.44, 20.86, 88.87, 0.6
1005.75, 24.06, 97.00, 0.6
407.96, 34.68, 17.36, 0.3
284.94, 65.88, 24.63, 0.2
527.57, 31.11, 14.11, 0.3
407.17, 34.25, 10.61, 0.3
3851.36, 23.06, 95.93, 0.6
86.46, 10.95, 5.15, 0.4
2126.78, 24.31, 99.70, 0.6
26.48, 25.00, 38.38, 0.5
188.80, 4.02, 7.96, 0.1
362.67, 33.33, 19.44, 0.3
195.62, 4.05, 6.30, 0.1
91.20, 8.38, 3.79, 0.4
533.11, 32.38, 10.16, 0.3
28.61, 24.39, 35.95, 0.5
197.90, 4.37, 7.39, 0.1
111.47, 10.52, 5.07, 0.4
142.23, 10.55, 4.12, 0.4
2906.17, 19.71, 93.97, 0.6
77.01, 4.86, 11.64, 0.1
15.61, 24.93, 35.84, 0.5
3676.37, 19.76, 99.60, 0.6
104.79, 4.57, 14.20, 0.1
244.13, 4.40, 5.73, 0.1
153.88, 9.21, 6.15, 0.4
295.15, 67.36, 21.54, 0.2
109.48, 4.36, 8.65, 0.1
1497.85, 23.63, 95.12, 0.6
92.78, 4.98, 6.59, 0.1
220.49, 4.80, 5.82, 0.1
147.48, 9.91, 6.34, 0.4
109.32, 11.14, 8.10, 0.4
368.01, 31.72, 14.53, 0.3
133.09, 10.85, 9.18, 0.4
196.01, 8.88, 7.84, 0.4
2354.67, 19.50, 99.04, 0.6
415.14, 32.31, 12.72, 0.3
3736.86, 19.54, 95.65, 0.6
128.15, 11.60, 6.29, 0.4
100.44, 47.89, 21.63, 0.2
433.72, 30.11, 18.14, 0.3
230.62, 4.52, 6.68, 0.1
1839.20, 24.70, 91.66, 0.6
28.54, 23.89, 44.45, 0.5
392.94, 29.57, 11.07, 0.3
104.50, 4.85, 7.48, 0.1
19.50, 23.67, 31.77, 0.5
256.03, 45.70, 20.04, 0.2
149.28, 62.59, 17.89, 0.2
22.92, 24.09, 44.83, 0.5
178.33, 49.69, 21.84, 0.2
2096.40, 20.58, 94.16, 0.6
181.46, 11.53, 5.89, 0.4
246.91, 4.15, 6.81, 0.1
3476.45, 24.76, 99.90, 0.6
19.02, 23.81, 37.69, 0.5
3652.87, 21.39, 98.65, 0.6
195.10, 4.58, 9.09, 0.1
493.18, 31.42, 13.25, 0.3
103.78, 63.13, 19.67, 0.2
277.86, 69.71, 18.59, 0.2
214.17, 47.82, 23.81, 0.2
309.40, 30.05, 19.11, 0.3
100.10, 4.08, 14.88, 0.1
3024.35, 22.19, 87.55, 0.6
3428.77, 21.53, 86.18, 0.6
17.33, 24.74, 36.46, 0.5
27.38, 23.67, 30.83, 0.5
259.68, 63.75, 15.87, 0.2
215.91, 51.71, 19.13, 0.2
103.47, 49.18, 22.31, 0.2
86.96, 8.60, 5.95, 0.4
15.45, 24.60, 34.72, 0.5
561.87, 30.13, 18.92, 0.3
86.38, 10.15, 4.41, 0.4
167.76, 4.04, 14.27, 0.1
28.57, 23.21, 31.58, 0.5
22.84, 23.78, 40.38, 0.5
126.25, 9.77, 8.06, 0.4
3645.91, 21.58, 96.55, 0.6
17.51, 24.77, 34.83, 0.5
122.85, 11.34, 7.78, 0.4
580.89, 30.13, 12.37, 0.3
220.60, 34.02, 17.52, 0.3
16.46, 24.30, 32.04, 0.5
19.80, 24.91, 33.12, 0.5
119.66, 4.76, 10.37, 0.1
1074.49, 21.92, 89.97, 0.6
23.01, 23.96, 43.15, 0.5
70.55, 4.15, 14.65, 0.1
543.88, 30.74, 12.38, 0.3
74.81, 4.36, 8.56, 0.1
199.92, 10.68, 3.80, 0.4
186.73, 47.22, 21.91, 0.2
175.78, 9.95, 7.04, 0.4
94.71, 10.20, 7.00, 0.4
182.67, 46.47, 24.23, 0.2
98.53, 4.87, 9.82, 0.1
3130.76, 19.27, 85.52, 0.6
272.21, 62.21, 19.66, 0.2
1222.03, 22.27, 97.99, 0.6
129.63, 4.59, 13.37, 0.1
3543.02, 23.54, 95.23, 0.6
18.95, 24.34, 44.36, 0.5
2847.06, 21.98, 94.09, 0.6
217.79, 4.33, 14.21, 0.1
432.09, 29.88, 13.25, 0.3
176.97, 4.09, 8.99, 0.1
3279.05, 23.25, 98.10, 0.6
29.29, 23.72, 42.06, 0.5
99.75, 4.74, 9.93, 0.1
105.56, 50.06, 15.67, 0.2
102.96, 4.87, 13.75, 0.1
369.66, 33.83, 11.52, 0.3
243.59, 66.05, 22.15, 0.2
181.70, 4.37, 11.92, 0.1
106.42, 8.76, 6.79, 0.4
116.94, 9.51, 8.91, 0.4
3409.92, 19.96, 97.64, 0.6
156.66, 4.70, 5.05, 0.1
262.50, 29.02, 18.87, 0.3
20.31, 23.32, 38.21, 0.5
332.99, 33.32, 19.63, 0.3
585.12, 33.75, 11.02, 0.3
197.85, 54.01, 23.45, 0.2
578.86, 27.93, 18.88, 0.3
22.63, 23.02, 33.52, 0.5
29.86, 23.03, 43.85, 0.5
234.63, 4.10, 13.37, 0.1
216.80, 33.40, 12.23, 0.3
2316.54, 24.23, 96.17, 0.6
2854.72, 20.68, 99.22, 0.6
374.50, 28.19, 14.78, 0.3
141.72, 49.88, 22.38, 0.2
23.55, 24.35, 30.30, 0.5
249.01, 46.24, 22.11, 0.2
28.54, 23.26, 43.81, 0.5
18.10, 23.98, 37.26, 0.5
105.45, 11.22, 8.05, 0.4
137.42, 4.75, 12.01, 0.1
1301.86, 20.27, 94.42, 0.6
407.02, 31.28, 10.67, 0.3
222.70, 64.46, 19.99, 0.2
134.41, 9.63, 8.10, 0.4
15.62, 23.94, 40.24, 0.5
169.36, 8.91, 7.42, 0.4
1944.54, 23.80, 93.53, 0.6
163.01, 11.54, 8.12, 0.4
101.70, 4.34, 5.79, 0.1
180.89, 9.18, 6.73, 0.4
28.17, 23.13, 37.33, 0.5
178.89, 4.91, 14.95, 0.1
1858.53, 19.08, 93.74, 0.6
2777.19, 22.21, 99.40, 0.6
20.48, 24.11, 33.99, 0.5
327.91, 31.96, 10.64, 0.3
233.79, 55.04, 19.08, 0.2
120.69, 9.89, 4.20, 0.4
184.10, 9.09, 4.48, 0.4
1271.54, 21.80, 88.96, 0.6
121.33, 4.63, 14.59, 0.1
29.91, 24.24, 30.67, 0.5
75.02, 4.07, 5.92, 0.1
179.33, 4.95, 13.32, 0.1
170.67, 4.60, 5.18, 0.1
212.12, 4.12, 9.86, 0.1
284.08, 60.33, 15.94, 0.2
29.68, 24.51, 33.46, 0.5
1947.40, 21.06, 85.97, 0.6
188.52, 4.30, 11.72, 0.1
3907.91, 22.04, 93.95, 0.6
3715.79, 22.25, 93.93, 0.6
140.28, 9.12, 3.03, 0.4
27.79, 24.33, 38.97, 0.5
105.78, 8.26, 6.42, 0.4
422.17, 33.92, 17.34, 0.3
15.41, 24.20, 37.84, 0.5
246.55, 4.73, 13.30, 0.1
92.53, 4.10, 14.30, 0.1
184.07, 8.41, 8.05, 0.4
1728.80, 21.28, 88.31, 0.6
186.96, 48.13, 24.95, 0.2
106.41, 4.56, 12.43, 0.1
1657.14, 23.19, 98.46, 0.6
182.75, 9.72, 5.03, 0.4
137.28, 11.15, 6.00, 0.4
114.07, 4.62, 8.98, 0.1
15.88, 23.14, 39.60, 0.5
208.63, 4.64, 13.53, 0.1
186.28, 4.06, 11.34, 0.1
312.09, 34.93, 16.51, 0.3
420.23, 31.04, 11.84, 0.3
18.85, 24.35, 38.05, 0.5
206.34, 67.33, 22.26, 0.2
182.57, 8.53, 7.08, 0.4
27.76, 24.75, 31.39, 0.5
117.14, 46.72, 24.94, 0.2
203.23, 4.68, 11.44, 0.1
306.07, 29.05, 15.47, 0.3
183.34, 64.29, 20.08, 0.2
15.03, 24.31, 31.76, 0.5
21.11, 24.75, 35.89, 0.5
458.73, 28.71, 12.74, 0.3
150.93, 4.44, 13.52, 0.1
26.73, 23.84, 34.95, 0.5
103.39, 66.43, 15.96, 0.2
197.50, 8.11, 5.08, 0.4
146.27, 10.39, 9.82, 0.4
3472.96, 21.91, 88.81, 0.6
87.43, 8.20, 5.08, 0.4
117.72, 10.38, 6.69, 0.4
2849.04, 21.54, 86.59, 0.6
214.79, 4.56, 13.93, 0.1
146.64, 4.26, 6.22, 0.1
1707.42, 20.65, 93.38, 0.6
83.69, 9.64, 7.60, 0.4
168.55, 11.57, 8.88, 0.4
193.24, 9.89, 4.47, 0.4
150.72, 9.92, 3.98, 0.4
218.17, 52.57, 16.06, 0.2
24.38, 23.96, 39.08, 0.5
210.90, 4.29, 5.30, 0.1
214.15, 4.78, 14.92, 0.1
2466.84, 23.65, 95.54, 0.6
1181.20, 24.75, 91.69, 0.6
345.25, 34.32, 12.30, 0.3
197.11, 4.32, 6.52, 0.1
196.60, 49.72, 23.85, 0.2
109.53, 10.71, 7.10, 0.4
326.51, 33.83, 14.89, 0.3
29.13, 23.36, 35.92, 0.5
173.91, 64.97, 22.78, 0.2
278.13, 47.05, 15.66, 0.2
158.61, 4.84, 14.73, 0.1
17.43, 24.24, 31.43, 0.5
278.58, 64.53, 22.38, 0.2
189.78, 4.75, 7.32, 0.1
230.56, 4.08, 12.75, 0.1
403.13, 30.18, 14.65, 0.3
17.89, 23.24, 43.36, 0.5
18.11, 23.24, 40.22, 0.5
111.28, 9.91, 8.51, 0.4
133.11, 11.46, 6.73, 0.4
1841.54, 21.13, 94.90, 0.6
157.66, 8.20, 5.41, 0.4
202.67, 66.57, 18.68, 0.2
137.56, 9.58, 6.09, 0.4
106.18, 4.69, 14.57, 0.1
26.21, 23.76, 32.04, 0.5
29.04, 23.02, 43.05, 0.5
540.73, 31.19, 19.49, 0.3
151.81, 10.51, 5.47, 0.4
227.90, 4.29, 7.81, 0.1
320.94, 27.25, 12.66, 0.3
26.69, 23.44, 41.84, 0.5
3756.13, 23.60, 95.54, 0.6
1300.30, 19.79, 90.50, 0.6
29.18, 23.96, 40.45, 0.5
25.20, 23.41, 31.94, 0.5
166.37, 9.58, 3.80, 0.4
196.02, 4.86, 7.10, 0.1
190.43, 11.09, 4.03, 0.4
124.68, 45.79, 20.92, 0.2
75.02, 4.78, 5.39, 0.1
527.30, 33.19, 16.79, 0.3
172.73, 8.82, 5.52, 0.4
199.56, 8.43, 4.49, 0.4
189.86, 66.42, 15.96, 0.2
273.07, 28.65, 17.50, 0.3
480.85, 29.38, 16.66, 0.3
471.16, 33.52, 16.31, 0.3
234.48, 28.34, 11.20, 0.3
321.84, 29.91, 15.41, 0.3
1757.97, 21.81, 99.53, 0.6
186.17, 9.81, 7.69, 0.4
19.64, 24.61, 32.73, 0.5
162.96, 4.95, 11.97, 0.1
19.24, 24.89, 43.72, 0.5
383.32, 33.26, 16.38, 0.3
152.91, 8.59, 4.92, 0.4
2664.91, 19.78, 91.44, 0.6
152.48, 11.97, 6.49, 0.4
129.86, 8.33, 7.93, 0.4
147.25, 8.55, 7.05, 0.4
147.27, 61.66, 24.19, 0.2
1777.07, 19.87, 90.27, 0.6
16.04, 24.18, 30.97, 0.5
220.78, 46.77, 22.79, 0.2
3472.78, 19.42, 85.44, 0.6
149.14, 10.13, 5.56, 0.4
139.13, 11.12, 3.83, 0.4
556.21, 34.81, 18.46, 0.3
151.01, 11.41, 6.44, 0.4
150.27, 47.65, 23.46, 0.2
27.91, 23.36, 30.42, 0.5
270.34, 69.21, 22.26, 0.2
284.31, 52.20, 23.35, 0.2
218.65, 4.78, 10.57, 0.1
162.84, 8.88, 9.74, 0.4
186.54, 10.39, 8.19, 0.4
215.59, 45.59, 21.92, 0.2
2144.63, 23.10, 85.66, 0.6
542.66, 30.13, 10.35, 0.3
25.81, 23.27, 34.02, 0.5
73.02, 4.38, 6.75, 0.1
233.20, 50.37, 17.56, 0.2
156.97, 9.49, 6.57, 0.4
140.18, 9.63, 9.27, 0.4
115.14, 10.92, 6.48, 0.4
2929.71, 22.05, 93.29, 0.6
3397.39, 23.97, 91.73, 0.6
485.82, 32.14, 13.92, 0.3
246.96, 46.10, 19.07, 0.2
363.89, 33.90, 10.76, 0.3
3252.77, 24.92, 97.17, 0.6
154.27, 69.60, 15.97, 0.2
154.49, 66.01, 18.09, 0.2
147.99, 9.68, 3.87, 0.4
155.34, 8.72, 3.79, 0.4
15.46, 24.04, 37.53, 0.5
139.86, 4.10, 6.43, 0.1
2875.26, 22.58, 86.05, 0.6
15.40, 24.42, 38.16, 0.5
1347.81, 22.74, 90.42, 0.6
162.91, 11.08, 8.91, 0.4
2852.07, 23.38, 91.65, 0.6
272.81, 55.83, 21.32, 0.2
2774.90, 24.34, 89.58, 0.6
3616.37, 22.07, 99.97, 0.6
215.78, 4.18, 12.02, 0.1
227.29, 67.97, 16.07, 0.2
1381.08, 20.24, 87.54, 0.6
575.15, 32.80, 14.02, 0.3
17.52, 24.41, 32.02, 0.5
76.99, 4.51, 9.74, 0.1
1395.78, 19.06, 88.57, 0.6
265.75, 51.69, 24.07, 0.2
1326.72, 20.16, 91.71, 0.6
232.77, 4.81, 13.03, 0.1
95.43, 4.93, 13.12, 0.1
2616.38, 24.97, 90.48, 0.6
2392.14, 22.89, 94.59, 0.6
221.14, 61.18, 19.99, 0.2
107.64, 8.74, 7.33, 0.4
238.06, 53.83, 22.23, 0.2
97.76, 10.12, 4.74, 0.4
201.24, 29.24, 17.04, 0.3
297.17, 56.31, 19.73, 0.2
364.79, 28.65, 15.83, 0.3
146.25, 4.39, 12.85, 0.1
481.63, 29.13, 19.18, 0.3
1471.37, 22.66, 86.83, 0.6
466.29, 29.30, 16.19, 0.3
550.12, 29.51, 10.89, 0.3
189.12, 10.64, 3.54, 0.4
85.03, 8.12, 6.76, 0.4
106.04, 11.43, 7.44, 0.4
501.06, 34.08, 13.60, 0.3
227.98, 4.47, 10.72, 0.1
184.08, 10.45, 6.38, 0.4
138.83, 48.37, 23.39, 0.2
199.12, 4.89, 7.74, 0.1
386.75, 31.83, 19.70, 0.3
1980.33, 22.74, 86.41, 0.6
156.73, 11.34, 10.00, 0.4
315.62, 27.84, 15.61, 0.3
198.90, 52.02, 22.24, 0.2
3024.89, 20.57, 97.58, 0.6
80.79, 8.97, 5.96, 0.4
3650.50, 23.11, 95.96, 0.6
165.81, 10.66, 4.39, 0.4
201.92, 4.08, 13.81, 0.1
141.71, 46.26, 16.17, 0.2
220.76, 60.57, 15.45, 0.2
23.11, 24.50, 41.77, 0.5
198.59, 69.16, 23.34, 0.2
260.59, 48.92, 22.93, 0.2
105.45, 4.40, 8.87, 0.1
1955.79, 19.98, 99.20, 0.6
220.93, 56.17, 18.46, 0.2
178.66, 11.49, 4.91, 0.4
28.61, 24.97, 35.42, 0.5
337.39, 27.80, 11.60, 0.3
3718.37, 21.07, 87.60, 0.6
226.73, 27.49, 17.82, 0.3
23.98, 23.10, 39.28, 0.5
20.43, 23.98, 44.06, 0.5
1598.76, 22.64, 89.17, 0.6
15.39, 24.47, 42.96, 0.5
410.42, 32.47, 11.49, 0.3
1289.25, 24.96, 85.45, 0.6
248.16, 4.59, 11.33, 0.1
516.86, 30.98, 14.68, 0.3
396.51, 29.41, 19.85, 0.3
180.82, 67.38, 19.34, 0.2
542.28, 29.02, 18.15, 0.3
126.78, 46.47, 16.88, 0.2
23.37, 23.55, 33.65, 0.5
204.04, 53.07, 21.69, 0.2
216.76, 32.07, 18.61, 0.3
22.73, 23.15, 41.03, 0.5
178.76, 10.35, 5.63, 0.4
2292.03, 22.64, 99.15, 0.6
424.20, 30.79, 18.05, 0.3
88.32, 11.88, 5.54, 0.4
114.18, 10.63, 7.27, 0.4
20.52, 24.62, 39.60, 0.5
185.71, 8.04, 9.27, 0.4
1274.39, 22.57, 97.99, 0.6
23.64, 23.88, 35.83, 0.5
150.97, 8.72, 6.60, 0.4
234.81, 4.09, 13.17, 0.1
2710.80, 23.19, 91.81, 0.6
2680.89, 20.35, 99.87, 0.6
132.96, 11.32, 9.95, 0.4
132.32, 9.51, 5.74, 0.4
443.27, 32.17, 15.56, 0.3
3049.40, 24.06, 89.72, 0.6
26.00, 23.38, 37.12, 0.5
137.10, 49.36, 16.26, 0.2
184.30, 4.71, 12.57, 0.1
209.90, 31.70, 11.10, 0.3
205.33, 4.60, 8.97, 0.1
22.09, 23.58, 44.14, 0.5
159.91, 48.20, 16.73, 0.2
21.20, 23.56, 34.16, 0.5
2008.49, 24.86, 92.34, 0.6
183.52, 10.74, 6.16, 0.4
408.89, 31.19, 16.18, 0.3
347.09, 34.46, 14.58, 0.3
302.49, 31.76, 18.82, 0.3
175.86, 4.10, 7.27, 0.1
29.54, 23.73, 41.81, 0.5
26.69, 23.29, 33.81, 0.5
226.42, 27.36, 16.84, 0.3
295.57, 27.92, 17.13, 0.3
110.44, 61.86, 21.18, 0.2
255.77, 34.91, 19.72, 0.3
211.53, 61.33, 15.43, 0.2
24.14, 24.31, 40.54, 0.5
145.54, 9.95, 8.18, 0.4
25.65, 23.04, 42.10, 0.5
270.01, 65.20, 22.32, 0.2
160.07, 4.72, 6.82, 0.1
23.48, 23.37, 39.43, 0.5
249.65, 4.11, 6.37, 0.1
100.80, 4.80, 11.30, 0.1
283.52, 60.85, 17.39, 0.2
24.06, 23.25, 31.81, 0.5
170.35, 8.90, 5.89, 0.4
22.91, 24.36, 43.74, 0.5
1763.35, 21.98, 98.39, 0.6
246.23, 67.67, 22.35, 0.2
1656.33, 24.79, 94.22, 0.6
3105.71, 23.18, 97.67, 0.6
2803.25, 20.82, 85.98, 0.6
244.92, 4.74, 11.96, 0.1
29.01, 24.66, 34.26, 0.5
142.00, 66.92, 23.03, 0.2
188.55, 58.36, 17.36, 0.2
168.11, 4.50, 6.35, 0.1
162.37, 9.06, 3.18, 0.4
206.89, 51.65, 15.39, 0.2
24.31, 23.75, 33.29, 0.5
131.21, 8.58, 7.70, 0.4
26.87, 23.35, 30.40, 0.5
215.71, 30.34, 18.32, 0.3
150.52, 11.41, 3.20, 0.4
238.03, 4.58, 14.64, 0.1
272.11, 47.10, 18.43, 0.2
2688.33, 21.28, 90.84, 0.6
17.96, 24.28, 35.71, 0.5
273.27, 32.85, 15.83, 0.3
2869.60, 23.87, 99.40, 0.6
223.32, 61.49, 23.34, 0.2
21.66, 23.66, 38.58, 0.5
165.93, 65.09, 16.75, 0.2
257.76, 33.65, 20.00, 0.3
3554.80, 23.01, 97.87, 0.6
169.88, 4.67, 13.21, 0.1
374.71, 33.81, 15.49, 0.3
368.89, 34.47, 18.19, 0.3
2260.07, 21.23, 95.59, 0.6
468.40, 31.67, 12.89, 0.3
3420.72, 21.88, 85.83, 0.6
20.47, 23.16, 40.59, 0.5
204.67, 54.03, 21.18, 0.2
178.37, 9.07, 5.17, 0.4
116.23, 10.64, 8.16, 0.4
1905.10, 23.93, 86.09, 0.6
2212.60, 23.23, 93.09, 0.6
213.66, 68.66, 21.69, 0.2
149.45, 4.13, 6.65, 0.1
24.30, 23.68, 41.47, 0.5
405.39, 31.55, 17.42, 0.3
248.68, 33.68, 16.42, 0.3
183.18, 67.24, 24.12, 0.2
131.19, 9.06, 3.47, 0.4
2964.69, 23.03, 94.32, 0.6
107.33, 10.53, 4.48, 0.4
190.77, 9.07, 4.54, 0.4
188.88, 52.46, 20.72, 0.2
17.12, 24.16, 43.79, 0.5
101.08, 4.25, 11.64, 0.1
1377.99, 24.56, 91.22, 0.6
23.80, 23.30, 40.93, 0.5
22.83, 23.86, 37.09, 0.5
80.64, 11.10, 4.75, 0.4
447.23, 34.49, 10.17, 0.3
1083.86, 22.36, 92.55, 0.6
1701.30, 23.43, 89.50, 0.6
529.47, 28.32, 12.05, 0.3
189.45, 62.00, 19.43, 0.2
185.73, 10.64, 5.16, 0.4
98.32, 8.73, 6.90, 0.4
176.63, 11.36, 3.91, 0.4
459.37, 31.09, 10.75, 0.3
148.31, 8.38, 7.85, 0.4
2974.59, 24.19, 98.68, 0.6
548.00, 32.28, 13.65, 0.3
26.70, 24.25, 38.74, 0.5
274.88, 56.48, 18.65, 0.2
187.36, 64.47, 21.45, 0.2
250.79, 31.99, 19.21, 0.3
16.97, 23.42, 38.87, 0.5
516.97, 34.53, 13.46, 0.3
231.83, 4.08, 8.66, 0.1
100.45, 11.88, 8.56, 0.4
573.31, 28.08, 17.17, 0.3
1590.94, 22.24, 86.78, 0.6
24.85, 23.83, 33.98, 0.5
1771.86, 21.31, 93.15, 0.6
1797.00, 22.53, 95.25, 0.6
156.33, 8.36, 9.40, 0.4
219.09, 4.66, 7.72, 0.1
206.48, 30.43, 15.48, 0.3
21.53, 24.16, 41.10, 0.5
2360.28, 20.36, 98.95, 0.6
288.22, 47.53, 21.47, 0.2
203.33, 4.52, 6.62, 0.1
267.92, 50.13, 16.19, 0.2
106.88, 11.64, 7.59, 0.4
248.86, 56.39, 21.13, 0.2
146.96, 66.53, 21.00, 0.2
192.17, 8.40, 9.21, 0.4
28.93, 23.91, 44.96, 0.5
222.93, 4.24, 11.39, 0.1
199.01, 4.31, 12.17, 0.1
138.34, 10.50, 5.56, 0.4
116.62, 4.25, 9.29, 0.1
1047.41, 23.05, 88.43, 0.6
2740.81, 23.16, 99.53, 0.6
76.81, 4.94, 12.67, 0.1
390.48, 27.79, 12.74, 0.3
3684.77, 21.64, 93.32, 0.6
1312.38, 21.37, 96.86, 0.6
16.40, 23.31, 39.89, 0.5
156.50, 9.29, 9.35, 0.4
440.60, 29.27, 10.73, 0.3
97.50, 11.57, 6.71, 0.4
19.91, 24.02, 34.09, 0.5
287.30, 46.58, 21.94, 0.2
2097.74, 24.26, 98.85, 0.6
2032.93, 19.13, 96.16, 0.6
29.48, 23.47, 32.49, 0.5
3070.64, 20.68, 95.74, 0.6
167.98, 4.81, 11.02, 0.1
157.57, 11.59, 5.24, 0.4
25.42, 24.32, 44.13, 0.5
17.94, 24.96, 37.96, 0.5
217.03, 4.84, 11.50, 0.1
197.35, 9.02, 5.12, 0.4
196.78, 4.75, 6.20, 0.1
446.89, 29.15, 17.05, 0.3
183.80, 8.12, 4.81, 0.4
177.51, 4.53, 6.98, 0.1
140.95, 64.72, 22.98, 0.2
248.26, 51.55, 24.02, 0.2
586.52, 30.76, 19.89, 0.3
2175.02, 22.67, 88.98, 0.6
290.90, 49.96, 16.23, 0.2
136.87, 4.44, 6.96, 0.1
76.35, 4.92, 10.11, 0.1
121.29, 11.47, 6.09, 0.4
224.25, 58.12, 22.92, 0.2
405.41, 28.59, 10.11, 0.3
3111.33, 19.25, 87.93, 0.6
174.36, 4.57, 11.19, 0.1
256.39, 63.38, 17.71, 0.2
21.31, 24.67, 31.15, 0.5
3250.34, 24.07, 91.00, 0.6
85.37, 9.27, 8.15, 0.4
111.99, 8.43, 5.09, 0.4
156.06, 63.98, 17.74, 0.2
172.80, 8.17, 5.20, 0.4
106.76, 9.60, 3.41, 0.4
134.63, 11.70, 8.60, 0.4
16.14, 23.70, 43.38, 0.5
166.65, 4.84, 9.89, 0.1
2291.47, 21.50, 95.75, 0.6
431.90, 30.66, 17.21, 0.3
182.12, 54.58, 19.25, 0.2
168.77, 66.47, 20.72, 0.2
170.63, 4.46, 7.24, 0.1
295.08, 69.02, 19.96, 0.2
228.76, 4.28, 7.88, 0.1
26.91, 24.91, 30.02, 0.5
216.93, 30.90, 12.16, 0.3
150.77, 11.71, 6.65, 0.4
584.75, 27.02, 18.67, 0.3
29.38, 23.46, 43.06, 0.5
76.47, 4.77, 9.47, 0.1
132.69, 65.79, 15.90, 0.2
184.89, 11.31, 4.98, 0.4
114.42, 10.40, 5.05, 0.4
126.98, 57.63, 24.89, 0.2
2647.38, 20.31, 87.08, 0.6
198.59, 9.64, 7.77, 0.4
24.83, 23.90, 42.52, 0.5
75.16, 4.33, 9.49, 0.1
320.33, 31.75, 11.36, 0.3
1363.38, 19.26, 91.96, 0.6
143.13, 10.68, 7.55, 0.4
508.24, 27.86, 11.41, 0.3
105.94, 11.92, 6.87, 0.4
29.47, 23.61, 39.35, 0.5
129.31, 9.43, 7.89, 0.4
165.31, 4.77, 14.71, 0.1
153.48, 8.96, 6.20, 0.4
118.23, 56.39, 22.17, 0.2
143.94, 65.57, 18.34, 0.2
270.80, 46.31, 16.47, 0.2
189.02, 4.43, 13.50, 0.1
130.14, 9.14, 8.44, 0.4
123.22, 9.77, 7.68, 0.4
291.02, 54.25, 22.41, 0.2
366.36, 29.14, 19.61, 0.3
16.58, 23.84, 40.07, 0.5
207.21, 4.37, 14.49, 0.1
128.95, 10.19, 5.03, 0.4
251.70, 34.39, 12.66, 0.3
18.89, 24.11, 38.83, 0.5
3082.56, 20.31, 96.26, 0.6
379.94, 33.07, 16.33, 0.3
153.46, 8.07, 8.50, 0.4
19.15, 24.95, 41.70, 0.5
110.24, 4.34, 7.10, 0.1
153.41, 55.94, 16.03, 0.2
92.17, 4.12, 13.51, 0.1
1049.29, 23.78, 85.44, 0.6
108.32, 11.02, 6.66, 0.4
225.20, 57.24, 18.33, 0.2
213.95, 45.87, 17.03, 0.2
158.43, 10.35, 3.38, 0.4
1418.73, 23.07, 96.24, 0.6
531.38, 32.11, 17.50, 0.3
216.48, 54.82, 21.24, 0.2
137.77, 9.70, 8.22, 0.4
107.13, 10.74, 8.38, 0.4
23.10, 24.16, 38.94, 0.5
90.51, 4.10, 11.66, 0.1
25.92, 23.26, 34.38, 0.5
217.79, 4.22, 13.15, 0.1
17.34, 23.23, 42.30, 0.5
145.21, 45.95, 15.30, 0.2
2952.00, 24.11, 95.65, 0.6
17.32, 24.08, 42.15, 0.5
229.30, 68.26, 21.89, 0.2
27.85, 24.35, 43.83, 0.5
1839.87, 22.11, 85.58, 0.6
105.80, 9.86, 7.63, 0.4
236.00, 4.47, 7.09, 0.1
207.48, 4.47, 10.98, 0.1
3769.46, 23.49, 86.24, 0.6
151.98, 47.82, 20.37, 0.2
224.68, 64.69, 23.07, 0.2
107.84, 10.48, 5.13, 0.4
2292.23, 20.01, 94.49, 0.6
22.83, 23.92, 35.68, 0.5
188.57, 49.91, 23.62, 0.2
3792.54, 24.05, 89.18, 0.6
297.68, 59.30, 22.36, 0.2
131.39, 4.67, 13.77, 0.1
406.00, 31.42, 15.61, 0.3
22.47, 23.36, 31.27, 0.5
3089.46, 20.52, 93.13, 0.6
536.76, 31.59, 13.15, 0.3
151.51, 62.52, 21.79, 0.2
1637.29, 23.89, 85.58, 0.6
17.43, 24.68, 39.83, 0.5
241.08, 28.73, 15.82, 0.3
28.64, 24.24, 40.22, 0.5
455.29, 31.06, 17.23, 0.3
122.11, 59.80, 21.12, 0.2
27.71, 24.09, 40.55, 0.5
1254.15, 24.16, 86.60, 0.6
249.75, 29.80, 12.83, 0.3
88.67, 4.46, 12.94, 0.1
443.91, 27.41, 14.09, 0.3
275.95, 66.96, 15.77, 0.2
547.38, 32.62, 16.64, 0.3
2864.24, 22.25, 91.98, 0.6
156.77, 4.72, 14.59, 0.1
402.41, 34.18, 10.80, 0.3
131.15, 53.82, 24.22, 0.2
158.11, 66.92, 20.08, 0.2
349.29, 33.60, 14.36, 0.3
263.01, 55.42, 17.68, 0.2
180.87, 45.62, 16.78, 0.2
442.28, 29.54, 13.31, 0.3
164.36, 51.74, 22.13, 0.2
159.61, 55.83, 21.04, 0.2
110.61, 4.47, 9.88, 0.1
577.97, 31.22, 14.24, 0.3
1993.47, 23.74, 94.23, 0.6
287.85, 62.92, 17.72, 0.2
143.59, 68.08, 17.90, 0.2
117.23, 11.03, 8.15, 0.4
1711.39, 24.28, 92.16, 0.6
117.34, 4.48, 8.10, 0.1
296.93, 60.57, 19.49, 0.2
1095.69, 21.58, 94.26, 0.6
186.21, 10.54, 5.71, 0.4
196.05, 9.79, 6.14, 0.4
426.03, 30.87, 12.77, 0.3
20.15, 23.67, 36.14, 0.5
148.90, 57.68, 23.49, 0.2
1498.17, 21.81, 97.79, 0.6
484.10, 29.49, 17.81, 0.3
1294.82, 22.73, 97.52, 0.6
171.36, 4.00, 9.17, 0.1
1495.53, 19.87, 93.24, 0.6
104.94, 55.17, 17.12, 0.2
249.85, 33.65, 11.90, 0.3
494.67, 31.40, 16.81, 0.3
143.64, 11.03, 6.84, 0.4
107.14, 54.76, 23.29, 0.2
460.14, 31.74, 12.05, 0.3
20.20, 24.54, 33.74, 0.5
109.18, 9.89, 3.01, 0.4
26.54, 24.54, 31.52, 0.5
2733.61, 20.27, 95.97, 0.6
1053.95, 24.00, 85.70, 0.6
3456.43, 21.87, 85.09, 0.6
194.35, 8.94, 6.59, 0.4
497.42, 32.15, 13.85, 0.3
207.33, 4.91, 14.46, 0.1
1955.95, 22.10, 99.03, 0.6
226.20, 4.40, 8.63, 0.1
29.85, 23.17, 31.41, 0.5
3419.98, 19.02, 89.17, 0.6
2726.80, 23.17, 85.66, 0.6
2918.96, 23.72, 93.78, 0.6
2042.33, 20.87, 89.82, 0.6
160.22, 4.66, 6.47, 0.1
25.12, 23.67, 42.40, 0.5
122.24, 11.20, 7.54, 0.4
22.99, 23.58, 30.78, 0.5
28.25, 23.04, 32.76, 0.5
365.44, 28.63, 19.01, 0.3
281.18, 48.05, 19.30, 0.2
145.13, 9.66, 7.52, 0.4
267.91, 66.39, 19.97, 0.2
221.66, 56.43, 17.94, 0.2
3274.18, 24.24, 98.38, 0.6
234.17, 4.35, 12.36, 0.1
444.51, 29.96, 13.14, 0.3
152.69, 10.34, 9.48, 0.4
28.87, 23.77, 42.97, 0.5
105.74, 61.03, 16.67, 0.2
2151.41, 20.99, 95.69, 0.6
98.82, 10.54, 5.57, 0.4
17.13, 23.05, 33.18, 0.5
283.13, 31.18, 19.62, 0.3
123.02, 46.27, 20.53, 0.2
2152.36, 24.10, 93.92, 0.6
120.13, 52.55, 21.66, 0.2
147.65, 9.99, 6.48, 0.4
374.99, 32.44, 18.10, 0.3
239.42, 46.61, 22.71, 0.2
90.80, 8.58, 5.37, 0.4
2589.12, 20.13, 89.56, 0.6
173.65, 4.84, 11.20, 0.1
29.19, 23.83, 40.81, 0.5
351.86, 33.63, 16.55, 0.3
166.98, 4.81, 13.07, 0.1
2917.88, 24.55, 95.05, 0.6
188.18, 10.09, 8.03, 0.4
141.58, 60.89, 24.75, 0.2
21.92, 23.04, 34.77, 0.5
2381.61, 21.61, 96.76, 0.6
125.12, 69.56, 16.07, 0.2
132.50, 10.41, 5.08, 0.4
96.75, 11.75, 5.77, 0.4
239.24, 4.74, 10.40, 0.1
167.51, 8.22, 8.87, 0.4
214.93, 29.16, 17.64, 0.3
22.46, 24.89, 32.76, 0.5
168.79, 9.50, 8.60, 0.4
225.85, 4.85, 8.21, 0.1
3699.22, 19.57, 99.26, 0.6
162.31, 4.62, 9.92, 0.1
158.06, 4.25, 12.45, 0.1
331.32, 29.42, 10.94, 0.3
190.17, 4.14, 13.91, 0.1
534.10, 32.67, 18.56, 0.3
325.01, 30.91, 13.25, 0.3
83.97, 9.92, 7.63, 0.4
370.01, 28.52, 12.95, 0.3
211.43, 4.37, 11.02, 0.1
2478.43, 22.71, 85.91, 0.6
202.05, 4.12, 12.49, 0.1
1093.61, 22.55, 95.01, 0.6
27.45, 23.37, 31.96, 0.5
22.77, 23.46, 36.16, 0.5
501.30, 27.68, 16.58, 0.3
283.37, 32.58, 19.32, 0.3
101.39, 4.39, 5.44, 0.1
3542.84, 23.88, 98.68, 0.6
18.30, 23.97, 41.10, 0.5
297.36, 31.17, 18.46, 0.3
2994.13, 21.47, 93.83, 0.6
3905.62, 23.32, 93.52, 0.6
105.79, 11.78, 6.21, 0.4
204.66, 55.94, 17.28, 0.2
141.64, 4.87, 7.93, 0.1
106.79, 10.62, 8.97, 0.4
1482.10, 24.24, 93.52, 0.6
21.71, 24.15, 30.22, 0.5
1659.71, 19.40, 95.47, 0.6
24.10, 23.25, 42.63, 0.5
225.73, 34.69, 18.46, 0.3
121.06, 59.96, 22.84, 0.2
120.73, 9.63, 6.27, 0.4
26.16, 23.76, 36.73, 0.5
275.97, 59.08, 22.45, 0.2
23.67, 24.82, 31.86, 0.5
272.72, 67.48, 17.86, 0.2
178.63, 9.14, 4.68, 0.4
222.59, 53.73, 22.51, 0.2
582.99, 31.04, 19.96, 0.3
248.12, 56.34, 21.87, 0.2
207.30, 4.23, 6.46, 0.1
340.03, 30.42, 15.11, 0.3
208.90, 64.81, 20.86, 0.2
246.21, 4.00, 6.68, 0.1
217.09, 69.63, 23.53, 0.2
3521.36, 21.00, 91.31, 0.6
26.84, 23.70, 31.87, 0.5
26.19, 23.75, 31.08, 0.5
369.08, 27.42, 18.85, 0.3
2881.64, 22.19, 97.77, 0.6
79.62, 4.95, 5.08, 0.1
357.42, 31.85, 15.52, 0.3
326.87, 34.05, 10.15, 0.3
263.56, 66.60, 23.74, 0.2
103.41, 8.20, 6.68, 0.4
128.11, 10.05, 5.02, 0.4
125.43, 4.07, 10.57, 0.1
19.14, 23.64, 35.76, 0.5
121.85, 58.57, 15.21, 0.2
151.23, 11.05, 6.19, 0.4
1553.15, 24.89, 89.84, 0.6
91.29, 4.91, 10.78, 0.1
133.01, 69.09, 19.92, 0.2
238.23, 53.84, 22.63, 0.2
16.33, 24.47, 42.43, 0.5
204.19, 4.09, 5.73, 0.1
3349.17, 20.77, 92.47, 0.6
17.81, 23.01, 38.75, 0.5
108.01, 4.19, 14.89, 0.1
2124.83, 20.66, 99.31, 0.6
26.55, 23.49, 44.49, 0.5
28.90, 24.51, 41.73, 0.5
16.84, 23.47, 37.78, 0.5
249.63, 4.58, 8.42, 0.1
236.45, 53.97, 15.12, 0.2
88.74, 4.06, 7.43, 0.1
3980.91, 19.21, 99.43, 0.6
20.16, 24.09, 37.06, 0.5
228.60, 69.20, 15.04, 0.2
119.13, 11.83, 6.02, 0.4
228.12, 4.35, 8.84, 0.1
15.58, 24.05, 39.02, 0.5
355.65, 31.76, 14.65, 0.3
1958.53, 20.11, 92.27, 0.6
157.05, 55.65, 16.95, 0.2
256.56, 52.74, 22.22, 0.2
166.94, 8.20, 7.09, 0.4
1605.03, 22.69, 89.27, 0.6
24.10, 23.68, 34.40, 0.5
202.95, 4.26, 13.48, 0.1
268.69, 69.59, 24.66, 0.2
355.55, 33.16, 10.95, 0.3
122.14, 4.76, 13.91, 0.1
26.34, 24.19, 30.84, 0.5
17.45, 23.61, 43.14, 0.5
114.25, 9.20, 3.75, 0.4
248.05, 48.01, 18.56, 0.2
129.43, 11.33, 8.77, 0.4
22.95, 24.58, 34.69, 0.5
23.52, 24.36, 41.04, 0.5
28.46, 24.04, 44.81, 0.5
1071.45, 20.44, 92.62, 0.6
218.14, 4.36, 7.61, 0.1
130.30, 56.48, 22.63, 0.2
165.90, 57.53, 18.79, 0.2
130.01, 4.41, 7.46, 0.1
208.54, 4.42, 10.27, 0.1
225.18, 32.03, 12.99, 0.3
23.59, 24.10, 42.41, 0.5
100.85, 9.05, 8.21, 0.4
281.73, 63.93, 17.04, 0.2
84.58, 10.07, 8.05, 0.4
29.60, 23.85, 36.09, 0.5
82.01, 9.13, 6.94, 0.4
2687.06, 19.50, 86.71, 0.6
224.78, 52.95, 19.96, 0.2
20.50, 24.56, 44.22, 0.5
169.44, 11.55, 7.25, 0.4
192.73, 4.99, 14.48, 0.1
21.88, 23.16, 39.65, 0.5
1869.00, 19.40, 92.95, 0.6
162.78, 4.15, 13.98, 0.1
3260.19, 22.87, 97.37, 0.6
1003.54, 20.14, 94.91, 0.6
174.65, 4.65, 10.40, 0.1
17.68, 23.47, 43.92, 0.5
267.76, 69.64, 18.48, 0.2
137.75, 8.42, 4.46, 0.4
386.99, 34.24, 18.18, 0.3
182.33, 4.63, 11.42, 0.1
27.50, 24.00, 33.26, 0.5
319.70, 30.35, 14.13, 0.3
525.03, 30.74, 10.49, 0.3
3338.33, 22.38, 87.80, 0.6
272.22, 49.79, 23.11, 0.2
22.21, 23.58, 37.59, 0.5
173.21, 11.23, 9.66, 0.4
28.84, 24.03, 30.51, 0.5
